{
  "timestamp_col": "t_stamp",
  "feature_cols": [
    "AIT201.Pv",
    "AIT202.Pv",
    "AIT203.Pv",
    "AIT301.Pv",
    "AIT302.Pv",
    "AIT303.Pv",
    "AIT402.Pv",
    "AIT501.Pv",
    "AIT502.Pv",
    "AIT503.Pv",
    "AIT504.Pv",
    "DPIT301.Pv",
    "FIT101.Pv",
    "FIT201.Pv",
    "FIT301.Pv",
    "FIT401.Pv",
    "FIT501.Pv",
    "FIT502.Pv",
    "FIT503.Pv",
    "FIT504.Pv",
    "FIT601.Pv",
    "FIT602.Pv",
    "LIT101.Pv",
    "LIT301.Pv",
    "LIT401.Pv",
    "LIT601.Pv",
    "LIT602.Pv",
    "LSH601.Alarm",
    "LSL601.Alarm",
    "LSLL203.Alarm",
    "MV101.Status",
    "MV201.Status",
    "MV302.Status",
    "MV304.Status",
    "MV501.Status",
    "MV502.Status",
    "MV503.Status",
    "MV504.Status",
    "P101.Status",
    "P1_STATE",
    "P201.Status",
    "P203.Status",
    "P205.Status",
    "P2_STATE",
    "P301.Status",
    "P3_STATE",
    "P401.Status",
    "P403.Status",
    "P4_STATE",
    "P501.Speed",
    "P501.Status",
    "P5_STATE",
    "P601.Status",
    "P6_STATE",
    "PIT501.Pv",
    "PIT502.Pv",
    "PIT503.Pv",
    "UV401.Status",
    "hour",
    "minute",
    "second",
    "time_cos",
    "time_sin"
  ],
  "num_features": 63,
  "train_rows": 29160,
  "val_rows": 29160,
  "a12_normal_rows": 14430,
  "attack_rows": 14430,
  "drop_info": {
    "dropped_missing": [
      "DPSH301.Alarm",
      "PSH301.Alarm",
      "PSH501.Alarm",
      "PSL501.Alarm"
    ],
    "dropped_constant": [
      "AIT401.Pv",
      "LS201.Alarm",
      "LS202.Alarm",
      "LS401.Alarm",
      "LSH602.Alarm",
      "LSH603.Alarm",
      "LSL203.Alarm",
      "LSL602.Alarm",
      "LSL603.Alarm",
      "MV301.Status",
      "MV303.Status",
      "P102.Status",
      "P202.Status",
      "P204.Status",
      "P206.Status",
      "P207.Status",
      "P208.Status",
      "P302.Status",
      "P402.Status",
      "P404.Status",
      "P502.Speed",
      "P502.Status",
      "P602.Status",
      "P603.Status"
    ]
  },
  "fill_values": {
    "AIT201.Pv": 69.40528,
    "AIT202.Pv": 10.1757889,
    "AIT203.Pv": 131.094589,
    "AIT301.Pv": 8.085537,
    "AIT302.Pv": 128.330872,
    "AIT303.Pv": 23.4009857,
    "AIT402.Pv": 151.34581,
    "AIT501.Pv": 9.2468605,
    "AIT502.Pv": 238.349136,
    "AIT503.Pv": 136.727768,
    "AIT504.Pv": 12.342989,
    "DPIT301.Pv": 15.6476088,
    "FIT101.Pv": 0.0,
    "FIT201.Pv": 0.0,
    "FIT301.Pv": 1.76024079,
    "FIT401.Pv": 1.02183235,
    "FIT501.Pv": 1.026019,
    "FIT502.Pv": 0.7198668,
    "FIT503.Pv": 0.2245623,
    "FIT504.Pv": 0.0556640923,
    "FIT601.Pv": 0.0,
    "FIT602.Pv": 0.8685484,
    "LIT101.Pv": 764.957764,
    "LIT301.Pv": 943.0675,
    "LIT401.Pv": 901.615,
    "LIT601.Pv": 439.118164,
    "LIT602.Pv": 564.4386,
    "LSH601.Alarm": 0.0,
    "LSL601.Alarm": 0.0,
    "LSLL203.Alarm": 1.0,
    "MV101.Status": 1.0,
    "MV201.Status": 1.0,
    "MV302.Status": 2.0,
    "MV304.Status": 1.0,
    "MV501.Status": 2.0,
    "MV502.Status": 2.0,
    "MV503.Status": 1.0,
    "MV504.Status": 1.0,
    "P101.Status": 1.0,
    "P1_STATE": 2.0,
    "P201.Status": 1.0,
    "P203.Status": 1.0,
    "P205.Status": 1.0,
    "P2_STATE": 2.0,
    "P301.Status": 2.0,
    "P3_STATE": 7.0,
    "P401.Status": 2.0,
    "P403.Status": 2.0,
    "P4_STATE": 4.0,
    "P501.Speed": 10.0,
    "P501.Status": 2.0,
    "P5_STATE": 12.0,
    "P601.Status": 1.0,
    "P6_STATE": 2.0,
    "PIT501.Pv": 245.0173,
    "PIT502.Pv": 0.0,
    "PIT503.Pv": 205.33197,
    "UV401.Status": 2.0,
    "hour": 13.0,
    "minute": 30.0,
    "second": 29.5,
    "time_cos": -0.8627343859777918,
    "time_sin": -0.39471044767123864
  }
}