{
  "timestamp": "2026-02-19T09:30:00",
  "split": "train_normal",
  "values": {
    "AIT201.Pv": 109.2989,
    "AIT202.Pv": 9.367662,
    "AIT203.Pv": 195.6934,
    "AIT301.Pv": 7.26445341,
    "AIT302.Pv": 236.686081,
    "AIT303.Pv": 29.06716,
    "AIT402.Pv": 277.7493,
    "AIT501.Pv": 8.744745,
    "AIT502.Pv": 366.931549,
    "AIT503.Pv": 160.952316,
    "AIT504.Pv": 19.8026142,
    "DPIT301.Pv": 3.76144433,
    "FIT101.Pv": 0.0,
    "FIT201.Pv": 0.0,
    "FIT301.Pv": 0.000256221363,
    "FIT401.Pv": 0.0,
    "FIT501.Pv": 0.00269161747,
    "FIT502.Pv": 0.00179326255,
    "FIT503.Pv": 0.0014083155,
    "FIT504.Pv": 0.0,
    "FIT601.Pv": 0.0,
    "FIT602.Pv": 0.985647,
    "LIT101.Pv": 764.8793,
    "LIT301.Pv": 719.166565,
    "LIT401.Pv": 1007.58777,
    "LIT601.Pv": 493.879761,
    "LIT602.Pv": 549.21814,
    "LSH601.Alarm": 0.0,
    "LSL601.Alarm": 0.0,
    "LSLL203.Alarm": 1.0,
    "MV101.Status": 1.0,
    "MV201.Status": 1.0,
    "MV302.Status": 1.0,
    "MV304.Status": 1.0,
    "MV501.Status": 1.0,
    "MV502.Status": 1.0,
    "MV503.Status": 1.0,
    "MV504.Status": 1.0,
    "P101.Status": 1.0,
    "P1_STATE": 1.0,
    "P201.Status": 1.0,
    "P203.Status": 1.0,
    "P205.Status": 1.0,
    "P2_STATE": 1.0,
    "P301.Status": 1.0,
    "P3_STATE": 1.0,
    "P401.Status": 1.0,
    "P403.Status": 1.0,
    "P4_STATE": 1.0,
    "P501.Speed": 0.0,
    "P501.Status": 1.0,
    "P5_STATE": 1.0,
    "P601.Status": 1.0,
    "P6_STATE": 1.0,
    "PIT501.Pv": 40.87093,
    "PIT502.Pv": 25.2138519,
    "PIT503.Pv": 38.6599579,
    "UV401.Status": 1.0,
    "hour": 9.0,
    "minute": 30.0,
    "second": 0.0,
    "time_cos": -0.793353340291235,
    "time_sin": 0.6087614290087209
  },
  "label": 0
}